bearing,anchor_combined,anchor_full,EOL_conservative_s,EOL_median_s,EOL_gbm_q4_s,EOL_rf_s,knn_q20,knn_q35,knn_q50,knn_p_eol_2400,knn_p_eol_6000,knn_nn1_min_rul,gate_HI,gate_rms_multi,gate_energy_ratio,gate_p_eol_2400,gate_p_eol_3600,gate_p_eol_6000,gate_knn_q35,regime,balanced_rul_s,safe_rul_s,aggressive_rul_s
Test1,32034.900390625,35238.37890625,10067.286140652544,10227.317595197996,10060.621857062662,10394.013333333332,31200.0,38400.0,39000.0,0.0,0.0,39000.0,0.46304706,0.1795686782832756,2.6565053669482324,0.0,0.0,0.0,30000.0,pass,32034.900390625,29795.727517737516,32034.900390625
Test2,33556.13671875,36911.70703125,11312.5154480736,10998.015543311696,10693.328229480536,11302.702857142856,27000.0,33000.0,34200.0,0.0,0.0,27000.0,0.5003288,0.2837421772870744,5.484561019523008,0.0,0.0,0.0820636503893539,40200.0,pass,33556.13671875,30942.049033885552,33556.13671875
Test3,6449.32666015625,7094.25927734375,10077.64387969487,9908.202477097468,9373.337811337791,10443.067142857142,25800.0,27600.0,40200.0,0.0,0.08176598460121,48000.0,0.16482818,0.2177615849250442,3.737036051613562,0.0,0.0,0.0,31200.0,pass,6449.32666015625,7709.261442266592,6449.32666015625
Test4,14112.5263671875,15523.7822265625,9048.599680566058,9545.075324074773,8579.0808416516,9367.509047619047,7200.0,8400.0,9000.0,0.1669389168998044,0.1669389168998044,7800.0,0.448163,0.2158949486384751,4.098509114994611,0.0,0.0,0.0,30000.0,pass,14112.5263671875,13213.555496274534,14112.5263671875
Test5,644.3411865234375,2937.664306640625,3340.5472071908516,3533.4204799181243,3378.398145983435,3045.531904761905,16200.0,28800.0,30000.0,0.0,0.0,45000.0,0.9438727,0.3993850568327118,10.912537778045166,0.2579294618635044,0.3364950882634709,0.4177170661794289,4800.0,strong_eol,10169.521238833373,8601.30758839889,7084.334755418974
Test6,11641.369140625,12805.5087890625,10295.945201175602,10274.56662974703,10200.62611663692,10348.507142857145,2400.0,8400.0,42000.0,0.2510173070484849,0.2513675857991988,1200.0,0.410086,0.6121614644490809,23.33700771174526,0.0967586495423744,0.0967586495423744,0.1784078232386118,12000.0,weak_eol,10399.87361054762,8046.7041854092295,11277.48709267634
