bearing,q20_model,q35_model,knn_q20,knn_q35,knn_q50,knn_p2400,knn_p6000,nn1_bearing,nn1_rul_s,anchor_5_hiblend,26_final_robust_rul_s,26_reason
Test1,23176.011085602877,24728.923894192274,4800.0,6000.0,6600.0,0.0813156033603212,0.4251501855581886,Train3,5400.0,32034.900390625,32034.900390625,pass
Test2,50977.57194228624,51119.81625595203,4200.0,5400.0,6000.0,0.0,0.50596619398279,Train3,5400.0,33556.13671875,33556.13671875,pass
Test3,47411.58015932473,51749.10581671331,5400.0,6600.0,12600.0,0.0,0.34285085615227867,Train3,5400.0,6449.32666015625,6449.32666015625,pass
Test4,16751.838379578654,17744.72966882521,9000.0,41400.0,42000.0,0.0,0.08311984728035268,Train3,7800.0,14112.5263671875,14112.5263671875,pass
Test5,4626.386057308163,4005.5216090853005,13800.0,15600.0,15600.0,0.17276325871482068,0.17276325871482068,Train2,16200.0,644.3411865234375,644.3411865234375,fixed_high_hi_eol
Test6,42197.728780286714,39391.982960622874,1800.0,3000.0,3600.0,0.3354342822758766,0.6702364647887037,Train3,1200.0,11641.369140625,3000.0,fixed_high_energy_eol
