bearing,true_last,anchor,q20_model,q35_model,knn_q35,pred_final_safe,reason,last_score
Train1,600.0,11400.0,10190.18203528697,10494.229460474544,11400.0,6000.0,fixed_high_energy_eol,2.842170943040546e-14
Train2,600.0,15600.0,5758.960728294325,4268.5795570815635,15600.0,15600.0,pass,1.9287498479639178e-22
Train3,600.0,16800.0,3898.5909211905987,4704.578113942736,16800.0,16800.0,pass,1.9287498479639178e-22
Train4,600.0,9600.0,2839.1166237469392,5110.486856862964,9600.0,9600.0,pass,1.9287498479639178e-22
