val_bearing,rmse_s,asym_score
Train1,19633.548431192972,0.44330734817301587
Train2,9629.425735733153,0.541395635642539
Train3,15770.833332452665,0.4066348876226407
Train4,29046.07319415139,0.424536795595365
