bearing,measurement,t_s,HI,rms_multi,energy_ratio,nn1_bearing,nn1_measurement,nn1_rul_s,nn1_dist,p_eol_2400,p_eol_3600,p_eol_6000,knn_rul_q20,knn_rul_q35,knn_rul_q50,score_knn_rul_q20,score_knn_rul_q35,score_knn_rul_q50,true_rul_s
Train1,125,75000.0,1.0,1.2846599208920684,185.77551125495745,Train4,100,22200.0,21.189316085308054,0.0,0.0,0.16394945888307022,6600.0,11400.0,22200.0,8.881784197001812e-16,1.9287498479639178e-22,1.9287498479639178e-22,600.0
Train2,113,67800.0,0.9852502,0.4945305904984331,7.295378914955074,Train3,84,3000.0,6.397800294573583,0.1711266674675952,0.3526214015678707,0.3526214015678707,3000.0,3600.0,9000.0,9.536743164062737e-07,2.980232238769625e-08,8.470329472543703e-22,600.0
Train3,88,52800.0,1.0,0.2901050767350357,4.861701790367825,Train2,25,53400.0,4.930222403349921,0.0,0.0,0.0,10800.0,16200.0,17400.0,1.9287498479639178e-22,1.9287498479639178e-22,1.9287498479639178e-22,600.0
Train4,136,81600.0,0.9846223,0.3168013802572131,5.183897345535581,Train1,100,15600.0,40.71613873281915,0.08279629414138069,0.08279629414138069,0.08279629414138069,24600.0,38400.0,45000.0,1.9287498479639178e-22,1.9287498479639178e-22,1.9287498479639178e-22,600.0
