bearing,measurement,t_s,HI,rms_multi,energy_ratio,nn1_bearing,nn1_measurement,nn1_rul_s,nn1_dist,p_eol_2400,p_eol_3600,p_eol_6000,knn_rul_q20,knn_rul_q35,knn_rul_q50,5_HIBlend_Baseline_ChannelSym,3_HIBlend_Baseline_EOLDirect,8_HIBlend_Baseline_Dynamics,9_HIBlend_Baseline_DomainAdv,anchor_method,anchor_rul_s,13_EOLHazardGate_safe_rul_s,gate_reason
Test1,49,29400.0,0.46304706,0.1795686782832756,2.6565053669482324,Train2,38,45600.0,10.036804008500516,0.0,0.0,0.0,17400.0,30000.0,43800.0,32034.900390625,32034.888671875,32034.89090318746,32034.891608719365,5_HIBlend_Baseline_ChannelSym,32034.900390625,32034.900390625,pass
Test2,49,29400.0,0.5003288,0.2837421772870744,5.484561019523008,Train2,22,55200.0,14.669476901428919,0.0,0.0,0.0820636503893539,13200.0,40200.0,46200.0,33556.13671875,33557.484375,33556.02978568659,33556.049518736305,5_HIBlend_Baseline_ChannelSym,33556.13671875,33556.13671875,pass
Test3,49,29400.0,0.16482818,0.2177615849250442,3.737036051613562,Train1,51,45000.0,20.52811357825502,0.0,0.0,0.0,25200.0,31200.0,45000.0,6449.32666015625,6449.326171875,6449.326660161707,6449.32666023995,5_HIBlend_Baseline_ChannelSym,6449.32666015625,6449.32666015625,pass
Test4,49,29400.0,0.448163,0.2158949486384751,4.098509114994611,Train3,76,7800.0,15.180070983156362,0.0,0.0,0.0,23400.0,30000.0,37200.0,14112.5263671875,14111.6240234375,14112.523583694312,14112.52871531906,5_HIBlend_Baseline_ChannelSym,14112.5263671875,14112.5263671875,pass
Test5,49,29400.0,0.9438727,0.3993850568327118,10.912537778045166,Train1,124,1200.0,8.61707487474963,0.25792946186350446,0.33649508826347097,0.4177170661794289,2400.0,4800.0,13800.0,644.3411865234375,10118.3251953125,1478.5417417715123,12488.961554570364,5_HIBlend_Baseline_ChannelSym,644.3411865234375,644.3411865234375,high_HI_eol_clamp
Test6,49,29400.0,0.410086,0.6121614644490809,23.33700771174526,Train1,124,1200.0,11.881019144495268,0.09675864954237443,0.09675864954237443,0.17840782323861185,6600.0,12000.0,15000.0,11641.369140625,11638.2734375,11641.369546644411,11641.372220093666,5_HIBlend_Baseline_ChannelSym,11641.369140625,6000.0,high_energy_tail_clamp
