Bearing,RUL_pred_seconds,RUL_pred_hours
Test1,21640.888553936773,6.011357931649104
Test2,43838.22253174079,12.177284036594664
Test3,39952.47654064307,11.09791015017863
Test4,20266.569782884842,5.629602717468011
Test5,2754.834686910511,0.765231857475142
Test6,43646.59454431719,12.124054040088108
