val_bearing,rmse_s,asym_score
Train1,12042.328014134144,0.6240632482846089
Train2,7704.409127246554,0.6750133095700472
Train3,8350.972637962599,0.6450642390347924
Train4,13220.951251706512,0.5822954065862757
