val_bearing,rmse_s,tft_mean,tft_median,tft_cons,tft_ultra,best_strat,best_score,seeds,asym_score
Train1,5253.517297963337,0.743794182133432,0.7388505257536989,0.7290892455447184,0.6894320549218257,mean,0.743794182133432,"0.633,0.698,0.748",0.7290892455447184
Train2,9498.813399577864,0.696936738097561,0.7085576097947155,0.6890226126726009,0.6631886506819598,median,0.7085576097947155,"0.661,0.689,0.711",0.6890226126726009
Train3,12061.550149130915,0.39564191317991515,0.4507107577624991,0.44026920873675773,0.44739580182932653,median,0.4507107577624991,"0.211,0.465,0.497",0.44026920873675773
Train4,21568.4977687367,0.4436567089618165,0.43074535047005597,0.4336246320488648,0.4247959890699912,mean,0.4436567089618165,"0.403,0.461,0.449",0.4336246320488648
