val_bearing,rmse_s,tft_mean,tft_median,tft_trim,tft_cons,tft_ultra,best_strat,best_score,seeds,asym_score
Train1,4676.980863762434,0.7021921651588047,0.7325623936663308,0.7415061364775115,0.7338153546372986,0.7201030524946328,trimmed,0.7415061364775115,"0.625,0.716,0.746,0.674,0.771,0.714,0.596,0.651,0.691,0.610",0.7338153546372986
Train2,9322.09976346531,0.6938909112892352,0.6874699038557407,0.7257411541083221,0.7060859609157262,0.6946178453977082,trimmed,0.7257411541083221,"0.726,0.671,0.740,0.731,0.673,0.724,0.604,0.626,0.668,0.622",0.7060859609157262
Train3,7537.223626773986,0.4906060836632625,0.5372064509789531,0.5711641073218134,0.524800598132391,0.5404431327738987,trimmed,0.5711641073218134,"0.218,0.478,0.500,0.507,0.235,0.628,0.570,0.576,0.575,0.553",0.524800598132391
Train4,20546.936705990993,0.4972924267403343,0.4712921791890976,0.530436510742164,0.4664222937553135,0.4543758598323581,trimmed,0.530436510742164,"0.421,0.458,0.451,0.401,0.456,0.489,0.448,0.494,0.432,0.596",0.4664222937553135
