val_bearing,rmse_s,asym_score,xgb,tft,gpr
Train1,6469.125801527564,0.3696879831352701,0.04316193084501545,0.5673711993524011,0.1329599783060034
Train2,11731.981704912754,0.5115819395373674,0.46972770639538236,0.6027286075860814,0.48796242577596244
Train3,8224.483261418016,0.4583829986914807,0.4390077275589867,0.5082828762786087,0.36639771178804326
Train4,30340.95795765857,0.395263517411815,0.35710926544744986,0.40729971975476126,0.4342536566228341
