val_bearing,rmse_s,tft_mean,tft_median,tft_trim,tft_cons,tft_ultra,best_strat,best_score,seeds,asym_score
Train1,5221.860779454006,0.7482016523516286,0.7522175526263741,0.7369110653057175,0.7088175071004877,0.6690428807219183,median,0.7522175526263741,"0.633,0.698,0.748,0.675,0.763",0.7088175071004877
Train2,10024.541485773801,0.6981844127158462,0.7020792736683781,0.7011419720653248,0.6705054995858433,0.6413367564380427,median,0.7020792736683781,"0.661,0.689,0.711,0.676,0.637",0.6705054995858433
Train3,11702.492042295948,0.4166155798056323,0.44972682648472445,0.4763477256831841,0.4646607138653821,0.46818504811259326,trimmed,0.4763477256831841,"0.211,0.465,0.497,0.506,0.242",0.4646607138653821
Train4,22658.60648848468,0.43442821536001297,0.4312504861448857,0.44581110344982866,0.4241050637381639,0.4195947311132149,trimmed,0.44581110344982866,"0.403,0.461,0.449,0.400,0.457",0.4241050637381639
