Bearing,N_meas,Last_t_s,HI_last,RUL_v17_s,RUL_v18_s,RUL_v20_s,RUL_blend_full_s,RUL_blend_combined_s
Test1,50,29400.0,0.34603381156921387,32034.888671875,38542.9453125,35831.90234375,35387.68398826846,32034.891626308385
Test2,50,29400.0,0.5434868931770325,33556.09765625,40609.890625,36290.16015625,37771.083798946944,33562.42688802197
Test3,50,29400.0,0.32046157121658325,6449.32666015625,6132.9697265625,7823.109375,7112.229957679234,6449.326952272592
Test4,50,29400.0,0.511858344078064,14112.529296875,6941.646484375,10810.9140625,14817.647673355868,14110.46819378396
Test5,50,29400.0,0.8630446195602417,14644.736328125,899.290771484375,1995.288330078125,3686.805271548272,929.6562630250264
Test6,50,29400.0,0.5028728246688843,11641.37109375,655.1591796875,1327.3511962890625,11382.464236771888,11637.45701306233
