Bearing,N_meas,Last_t_s,HI_last,RUL_v17_s,RUL_v18_s,RUL_v22_s,RUL_blend_full_s,RUL_blend_combined_s
Test1,50,29400.0,0.34603381156921387,32034.888671875,38542.9453125,39774.7421875,35473.205238269096,32034.888676468887
Test2,50,29400.0,0.5434868931770325,33556.09765625,40609.890625,39302.578125,38044.27137284121,33556.57738918578
Test3,50,29400.0,0.32046157121658325,6449.32666015625,6132.9697265625,7311.16015625,7111.167059788905,6449.326660260854
Test4,50,29400.0,0.511858344078064,14112.529296875,6941.646484375,9818.41796875,14835.271089422118,14112.475552033457
Test5,50,29400.0,0.8630446195602417,14644.736328125,899.290771484375,600.0,3324.6407777278987,630.1844097511431
Test6,50,29400.0,0.5028728246688843,11641.37109375,655.1591796875,881.1155395507812,11353.896589507773,11641.29254398915
