Bearing,N_meas,Last_t_s,HI_last,RUL_v17_s,RUL_v18_s,RUL_blend_full_s,RUL_blend_combined_s,RUL_blend_full_h,RUL_blend_combined_h
Test1,50,29400.0,0.22902055084705353,32034.888671875,38542.9453125,35238.37890625,32034.888671875,9.78843879699707,8.898580551147461
Test2,50,29400.0,0.5866450071334839,33556.09765625,40609.890625,36911.91796875,33557.484375,10.253310203552246,9.321523666381836
Test3,50,29400.0,0.47609496116638184,6449.32666015625,6132.9697265625,7094.25927734375,6449.326171875,1.9706275463104248,1.791479468345642
Test4,50,29400.0,0.5755537152290344,14112.529296875,6941.646484375,15523.6484375,14111.6240234375,4.312124729156494,3.919895648956299
Test5,50,29400.0,0.782216489315033,14644.736328125,899.290771484375,15167.123046875,10118.3251953125,4.213089942932129,2.810645818710327
Test6,50,29400.0,0.595659613609314,11641.37109375,655.1591796875,12805.0478515625,11638.2734375,3.556957721710205,3.232853651046753
