Bearing,HI_last,RUL_v17_s,RUL_v25_s,RUL_full_s,RUL_combined_s,RUL_combined_h
Test1,0.46304706,32034.888671875,33627.21875,35238.37758401727,32034.89090318746,8.898580806440961
Test2,0.5003288,33556.09765625,22654.099609375,36911.706054464645,33556.02978568659,9.32111938491294
Test3,0.16482818,6449.32666015625,7039.5625,7094.259326171986,6449.326660161707,1.7914796278226963
Test4,0.448163,14112.529296875,6717.9580078125,15523.782111457804,14112.523583694312,3.920145439915087
Test5,0.9438727,14644.736328125,1436.841796875,3722.4785895698965,1478.5417417715123,0.41070603938097566
Test6,0.410086,11641.37109375,2457.622802734375,12805.508171955147,11641.369546644413,3.2337137629567816
