Bearing,RUL_pred_seconds,RUL_pred_hours,NN1_bearing,NN1_rul_s,p_eol_6000
Test1,19530.0,5.425,Train3,50400.0,0.10721585873765849
Test2,25680.0,7.133333333333334,Train3,33600.0,0.0
Test3,17820.0,4.95,Train3,48000.0,0.08592733164860748
Test4,17370.0,4.825,Train3,25800.0,0.08737836801254087
Test5,16139.999999999996,4.4833333333333325,Train1,18600.0,0.14788644538049406
Test6,33509.99999999999,9.308333333333332,Train2,46800.0,0.0
