bearing,measurement,t_s,HI,rms_multi,energy_ratio,p_eol_1200,p_eol_2400,p_eol_3600,p_eol_6000,anchor_rul_s,26_final_robust_rul_s,26_reason,27_eolclf_rul_s,27_reason
Test1,49,29400.0,0.46304706,0.1795686782832756,2.6565053669482324,0.0994210309768959,0.016948049842074243,0.013997782071026164,0.028646301208697256,32034.900390625,32034.900390625,pass,32034.900390625,pass
Test2,49,29400.0,0.5003288,0.2837421772870744,5.484561019523008,0.02196085894964265,0.016566463433284117,0.028090868114237055,0.05686727609570073,33556.13671875,33556.13671875,pass,33556.13671875,pass
Test3,49,29400.0,0.16482818,0.2177615849250442,3.737036051613562,0.008988590852015439,0.011812980000854427,0.01670774162027826,0.03307388602165986,6449.32666015625,6449.32666015625,pass,6449.32666015625,pass
Test4,49,29400.0,0.448163,0.2158949486384751,4.098509114994611,0.006785513146742688,0.011946334282732268,0.014222658193439446,0.03387701605062622,14112.5263671875,14112.5263671875,pass,14112.5263671875,pass
Test5,49,29400.0,0.9438727,0.3993850568327118,10.912537778045166,0.43644072935859374,0.6740535803886591,0.7429570493203145,0.8431666024244103,644.3411865234375,644.3411865234375,fixed_high_hi_eol,644.3411865234375,fixed_high_hi_eol+clf_p2400
Test6,49,29400.0,0.410086,0.6121614644490809,23.33700771174526,0.0747145097693007,0.07038799441761108,0.0880964466024648,0.1447318200161231,11641.369140625,3000.0,fixed_high_energy_eol,3000.0,fixed_high_energy_eol
