bearing,measurement,t_s,HI,rms_multi,energy_ratio,p_eol_1200,p_eol_2400,p_eol_3600,p_eol_6000
Test1,49,29400.0,0.46304706,0.1795686782832756,2.6565053669482324,0.0994210309768959,0.016948049842074243,0.013997782071026164,0.028646301208697256
Test2,49,29400.0,0.5003288,0.2837421772870744,5.484561019523008,0.02196085894964265,0.016566463433284117,0.028090868114237055,0.05686727609570073
Test3,49,29400.0,0.16482818,0.2177615849250442,3.737036051613562,0.008988590852015439,0.011812980000854427,0.01670774162027826,0.03307388602165986
Test4,49,29400.0,0.448163,0.2158949486384751,4.098509114994611,0.006785513146742688,0.011946334282732268,0.014222658193439446,0.03387701605062622
Test5,49,29400.0,0.9438727,0.3993850568327118,10.912537778045166,0.43644072935859374,0.6740535803886591,0.7429570493203145,0.8431666024244103
Test6,49,29400.0,0.410086,0.6121614644490809,23.33700771174526,0.0747145097693007,0.07038799441761108,0.0880964466024648,0.1447318200161231
