Bearing,N_meas,Last_t_s,HI_last,RUL_v17_s,RUL_v18_s,RUL_blend_full_s,RUL_blend_combined_s,RUL_blend_full_h,RUL_blend_combined_h
Test1,50,29400.0,0.463047057390213,32034.888671875,39774.7421875,35238.37890625,32034.900390625,9.78843879699707,8.89858341217041
Test2,50,29400.0,0.500328779220581,33556.09765625,39302.578125,36911.70703125,33556.13671875,10.253252029418945,9.321148872375488
Test3,50,29400.0,0.16482818126678467,6449.32666015625,7311.16015625,7094.25927734375,6449.32666015625,1.9706275463104248,1.7914795875549316
Test4,50,29400.0,0.4481630027294159,14112.529296875,9818.41796875,15523.7822265625,14112.5263671875,4.312161922454834,3.9201462268829346
Test5,50,29400.0,0.9438726902008057,14644.736328125,600.0,2937.664306640625,644.3411865234375,0.8160178661346436,0.1789836585521698
Test6,50,29400.0,0.4100860059261322,11641.37109375,881.1155395507812,12805.5087890625,11641.369140625,3.5570857524871826,3.2337136268615723
