Bearing,match_train,match_end_idx,match_t_s,match_rul_s,dtw_distance,test_HI_last,test_HI_slope5_last,test_HI_d5_last,RUL_v19_combined_s,HI_last,RUL_v17_s,RUL_v22_s,RUL_v24_combined_s
Test1,Train2,49,29400.0,39000.0,1.145838643541614,0.463047057390213,-0.42765615588079464,-0.00858411192893982,32034.888671875,0.463047057390213,32034.888671875,39774.7421875,32034.900390625
Test2,Train1,59,35400.0,40200.0,1.991033459440608,0.500328779220581,0.5719647217321204,0.30278392136096954,33557.484375,0.500328779220581,33556.09765625,39302.578125,33556.13671875
Test3,Train2,65,39000.0,29400.0,1.8188688233818524,0.16482818126678467,-0.2783540673941191,0.05539548397064209,6449.326171875,0.1648281812667846,6449.32666015625,7311.16015625,6449.32666015625
Test4,Train2,49,29400.0,39000.0,1.6278281784776376,0.4481630027294159,-0.7669007645069359,-0.49898985028266907,14111.6240234375,0.4481630027294159,14112.529296875,9818.41796875,14112.5263671875
Test5,Train1,124,74400.0,1200.0,1.3436803797742207,0.9438726902008057,-0.3487589191379704,-0.020274698734283447,10118.3251953125,0.9438726902008056,14644.736328125,600.0,644.3411865234375
Test6,Train2,79,47400.0,21000.0,2.2227885944792343,0.4100860059261322,0.055647386120479904,0.0875745415687561,11638.2734375,0.4100860059261322,11641.37109375,881.1155395507812,11641.369140625
