Bearing,HI_last,RUL_v17_s,RUL_v26_s,RUL_full_s,RUL_combined_s,RUL_combined_h
Test1,0.46304706,32034.888671875,34130.70703125,33636.63316194851,32034.891608719365,8.898581002422047
Test2,0.5003288,33556.09765625,25823.8046875,35233.90161330406,33556.049518736305,9.32112486631564
Test3,0.16482818,6449.32666015625,15502.2578125,6771.792993165672,6449.32666023995,1.7914796278444305
Test4,0.448163,14112.529296875,13359.8212890625,14818.155750534595,14112.52871531906,3.9201468653664056
Test5,0.9438727,14644.736328125,12482.1337890625,13441.012834542105,12488.961554570364,3.4691559873806566
Test6,0.410086,11641.37109375,18327.44140625,12223.439670098694,11641.372220093666,3.233714505581574
