bearing,spread,risk,quantile,pred
Test1,0.07167491712280813,0.0,0.5,32034.895999672182
Test2,0.006196173820958577,0.0,0.5,33556.093118743156
Test3,0.7902590563360656,0.08176598460121,0.2,6449.32666015625
Test4,0.16176436166930153,0.1669389168998044,0.35,14112.29869363011
Test5,1.1090673994740254,1.0,0.2,644.3411865234375
Test6,0.2170180118301953,1.0,0.2,6000.0
