Bearing,stage,RUL_pred_seconds,RUL_pred_hours
Test1,1,25580.802590876603,7.105778497465723
Test2,1,37369.46115482592,10.380405876340534
Test3,0,48108.167475493836,13.363379854303844
Test4,1,24762.58015462659,6.878494487396275
Test5,3,1842.176440177311,0.5117156778270309
Test6,3,3793.9919823889454,1.0538866617747071
