Bearing,16_balanced,16_safe,20_uncertainty,21_vmd_cbam,22_parallel,23_cond_mada,24_wasserstein,25_stageaware
Test1,32034.900390625,32034.900390625,32034.89599967218,19530.0,21640.88855393677,35520.52819132805,33968.20288395874,25580.8025908766
Test2,33556.13671875,33556.13671875,33556.09311874316,25680.0,43838.22253174079,44688.98795843124,34572.66253593185,37369.46115482592
Test3,6449.32666015625,6449.32666015625,6449.32666015625,17820.0,39952.47654064307,59493.61656904221,54635.98838877096,48108.16747549384
Test4,14112.5263671875,8400.0,14112.29869363011,17370.0,20266.56978288484,37061.62973642349,36733.79935685443,24762.58015462659
Test5,644.3411865234375,644.3411865234375,644.3411865234375,16140.0,2754.834686910511,2728.683212399483,10394.78262445004,1842.176440177311
Test6,6000.0,6000.0,6000.0,33509.99999999999,43646.59454431719,55188.79669904709,34906.59433178009,3793.991982388945
