Bearing,05_anchor,16_balanced,26_final_robust,27_eolclf
Test1,32034.900390625,32034.900390625,32034.900390625,32034.900390625
Test2,33556.13671875,33556.13671875,33556.13671875,33556.13671875
Test3,6449.32666015625,6449.32666015625,6449.32666015625,6449.32666015625
Test4,14112.5263671875,14112.5263671875,14112.5263671875,14112.5263671875
Test5,644.3411865234375,644.3411865234375,644.3411865234375,644.3411865234375
Test6,11641.369140625,6000.0,3000.0,3000.0
