Bearing,HI_last,rms_multi_last,energy_ratio_last,EOL_gbm_q4_s,EOL_gbm_q5_s,EOL_rf_s,EOL_et_s,EOL_median_s,EOL_mean_s,EOL_conservative_s
Test1,0.46304706,0.1795686782832756,2.6565053669482324,10060.621857062662,11057.075349984587,10394.013333333332,9593.856060606058,10227.317595197997,10276.39165024666,10067.286140652543
Test2,0.5003288,0.2837421772870744,5.484561019523008,10693.328229480536,10525.889269288124,11302.702857142856,12875.20238095238,10998.015543311696,11349.280684215973,11312.5154480736
Test3,0.16482818,0.2177615849250442,3.737036051613562,9373.337811337791,9285.912147532465,10443.067142857142,11290.274155844156,9908.202477097468,10098.147814392889,10077.64387969487
Test4,0.448163,0.2158949486384751,4.098509114994611,8579.0808416516,9722.641600530496,9367.509047619047,9744.032727272726,9545.075324074773,9353.316054268467,9048.599680566058
Test5,0.9438727,0.3993850568327118,10.912537778045166,3378.398145983435,3925.9351207609325,3045.5319047619046,3688.442813852814,3533.4204799181243,3509.5769963397715,3340.5472071908516
Test6,0.410086,0.6121614644490809,23.33700771174526,10200.62611663692,10133.989205540463,10348.507142857143,10455.4,10274.56662974703,10284.630616258632,10295.945201175602
