val,true_rul_s,pred_asym_optimal,score_asym_optimal,pred_median,score_median,pred_q25,score_q25,pred_q40,score_q40,expected_score_asym,nn_rul_min,nn_rul_max,nn_rul_mean,nn_rul_std,nn_bearings
Train1,600.0,4800.128209442564,2.908228510558876e-11,11400.0,1.9287498479639178e-22,5100.0,5.1448789686149815e-12,7200.0,2.7755575615628827e-17,0.4477132695538156,1200.0,44400.0,14540.0,11721.450422196052,"Train2,Train3,Train4"
Train2,600.0,24600.206884897398,1.9287498479639178e-22,9000.0,8.470329472542982e-22,3750.0,1.2530333031024265e-08,6960.000000000001,1.1102230246251494e-16,0.29092521058835785,600.0,35400.0,13160.0,10479.618313660092,"Train1,Train3,Train4"
Train3,600.0,19199.783045693945,1.9287498479639178e-22,9600.0,1.9287498479639178e-22,5100.0,5.1448789686149815e-12,9000.0,8.470329472542982e-22,0.29421487511916106,1800.0,39600.0,15340.0,12032.638945800709,"Train1,Train2,Train4"
Train4,600.0,12599.887267685366,1.9287498479639178e-22,13500.0,1.9287498479639178e-22,6900.0,1.5700924586837776e-16,10800.0,1.9287498479639178e-22,0.5149425759643275,600.0,25200.0,12920.0,7308.734500582163,"Train1,Train2,Train3"
