Bearing,HI_last,HI_slope5_last,energy_ratio_last,nn_rul_mean,nn_rul_median,nn_rul_p25,nn_rul_p40,nn_rul_p75,nn_rul_min,nn_rul_max,asym_optimal_pred_s,expected_score,nn_bearings
Test1,0.46304706,-0.4276561558807946,2.6565053669482324,46520.0,46200.0,36450.0,45360.0,64650.0,5400.0,81000.0,44999.864365299945,0.5933299575210823,"Train1,Train2,Train3,Train4"
Test2,0.5003288,0.5719647217321204,5.484561019523008,40280.0,45900.0,15900.0,37560.0,61500.0,5400.0,73200.0,46199.869626436,0.48400895490002366,"Train1,Train2,Train3,Train4"
Test3,0.16482818,-0.2783540673941191,3.737036051613562,49920.0,48900.0,43950.0,45960.0,70950.0,5400.0,81000.0,45600.01777685408,0.6048734306436111,"Train1,Train2,Train3,Train4"
Test4,0.448163,-0.7669007645069359,4.098509114994611,41520.0,44100.0,18750.0,39840.000000000015,51450.0,4800.0,81000.0,43800.0122407897,0.5126808146544154,"Train1,Train2,Train3,Train4"
Test5,0.9438727,-0.3487589191379704,10.912537778045166,15840.0,16800.0,6750.0,11880.000000000002,24450.0,600.0,35400.0,5400.061243692737,0.41132117705154614,"Train1,Train2,Train3,Train4"
Test6,0.410086,0.0556473861204799,23.33700771174526,39360.0,36900.0,26850.0,34560.0,54450.0,13800.0,66000.0,28200.00119359445,0.5402532930704336,"Train1,Train2,Train3,Train4"
