Bearing,HI_last,band,best_method,RUL_pred_seconds,RUL_pred_hours,robust_mean_score,worst_case_score
Test1,0.46304706,midlow,28_eol_cons,10067.286140652544,2.7964683724034844,0.5067494889255766,0.3154703242112304
Test2,0.5003288,midlow,28_eol_med,10998.015543311696,3.055004317586582,0.4664268778977399,0.3223277978206618
Test3,0.16482818,low,17_hybrid,48900.0,13.583333333333334,0.5680059445531129,0.1126563078263538
Test4,0.448163,midlow,28_eol_med,9545.075324074773,2.6514098122429925,0.4918211326102672,0.3116868463482775
Test5,0.9438727,high,5_HIBlend_combined,644.3411865234375,0.17898366292317708,0.4007600230085945,0.2653396459326078
Test6,0.410086,midlow,28_eol_med,10274.56662974703,2.854046286040842,0.4961652105133618,0.3169847971548111
