val,true,pred,score,est_ruls
Train1,600.0,8823.529359419686,2.3474243483224903e-21,"8824,852,1111"
Train2,600.0,600.0000122874378,0.9999999290249786,"600,770,600"
Train3,600.0,6211.764667981671,8.364132153910552e-15,"600,6212,782"
Train4,600.0,652.8000021840393,0.7371345993462254,"653,722,927"
