val,true,pred_asym,score,est_ruls
Train1,600.0,600.0000162684443,0.9999999060297855,"600,600,1111"
Train2,600.0,600.0000122874378,0.9999999290249786,"600,770,600"
Train3,600.0,6211.764667981671,8.364132153910552e-15,"600,6212,782"
Train4,600.0,600.0000207336294,0.9999998802378675,"600,600,600"
