Bearing,HI_last,t_test_last_s,ref_Train1_est_rul,ref_Train2_est_rul,ref_Train3_est_rul,ref_Train4_est_rul,est_rul_median_s,est_rul_min_s,est_rul_max_s,est_rul_q25_s,est_rul_q40_s,asym_optimal_pred_s
Test1,0.46304706,29400.0,30348.387096774197,22968.75,36015.0,60106.66666666667,33181.6935483871,22968.75,60106.66666666667,28503.477822580648,31481.70967741936,30348.386790240627
Test2,0.5003288,29400.0,28481.25,29400.0,24000.0,52800.0,28940.625,24000.0,52800.0,27360.9375,28665.0,24000.00046129658
Test3,0.16482818,29400.0,1205400.0,640920.0,493920.0,641900.0,641410.0,493920.0,1205400.0,604170.0,641116.0,493920.0005948422
Test4,0.448163,29400.0,36750.0,26460.0,21905.882352941182,62140.90909090909,31605.0,21905.882352941182,62140.90909090909,25321.470588235294,28518.0,21905.882493135134
Test5,0.9438727,29400.0,717.0731707317063,600.0,675.8620689655181,3082.258064516129,696.4676198486122,600.0,3082.258064516129,656.8965517241386,684.1042893187557,3082.2580631373303
Test6,0.410086,29400.0,35589.47368421053,110250.0,188650.0,66500.0,88375.0,35589.47368421053,188650.0,58772.36842105263,75250.0,35589.47366005712
