Bearing,HI_last,t_test_last_h,est_rul_raw_median_h,est_rul_capped_min_h,est_rul_capped_median_h,est_rul_capped_max_h,asym_optimal_pred_s,median_pred_s,min_pred_s
Test1,0.46304706,8.166666666666666,9.217137096774193,6.380208333333333,9.217137096774193,14.666666666666666,22968.750111796304,33181.6935483871,22968.75
Test2,0.5003288,8.166666666666666,8.0390625,6.666666666666667,8.0390625,14.666666666666666,24000.00046129658,28940.625,24000.0
Test3,0.16482818,8.166666666666666,178.16944444444445,14.666666666666666,14.666666666666666,14.666666666666666,52799.99953887656,52800.0,52800.0
Test4,0.448163,8.166666666666666,8.779166666666667,6.084967320261439,8.779166666666667,14.666666666666666,21905.88223192658,31605.0,21905.882352941182
Test5,0.9438727,8.166666666666666,0.1934632277357256,0.16666666666666666,0.1934632277357256,0.8561827956989246,3082.2580631373303,696.4676198486122,600.0
Test6,0.410086,8.166666666666666,24.54861111111111,9.885964912280702,14.666666666666666,14.666666666666666,52799.99957758547,52800.0,35589.47368421053
