Bearing,HI_last,HI_at_8h,pred_asym_optimal_s,pred_weighted_s,pred_nearest_s,nearest_train,nearest_eol_h
Test1,0.46304706,0.46304706,39000.000078334386,40584.66466413201,52800.0,Train4,22.833333333333332
Test2,0.5003288,0.5003288,39000.000078334386,40011.59296373665,24000.0,Train3,14.833333333333334
Test3,0.16482818,0.16482818,39000.000078334386,40406.48389436181,39000.0,Train2,19.0
Test4,0.448163,0.448163,39000.000078334386,40440.97029600576,39000.0,Train2,19.0
Test5,0.9438727,0.9438727,39000.000078334386,40556.31423268063,46200.0,Train1,21.0
Test6,0.410086,0.410086,39000.000078334386,40111.70714404622,39000.0,Train2,19.0
