val,hi_at_8h,true_rul,pred,score
Train1,0.513203142,46188.0,37954.60276871374,0.7810480851997252
Train2,0.417189348,38988.0,41025.311776749135,0.8343506830446037
Train3,0.5004602196,23988.0,47730.408584633944,0.03237873591815228
Train4,0.4943780356,52788.0,34939.269809499434,0.6257932679732218
