bearing,HI,HI_band,band_n,band_median,band_p25,band_p75,anchor_5_HIBlend,pred_17_asym,pred_28_eol_cons,nn_median,nn_p25,nn_p40,exp_anchor_5_HIBlend,exp_pred_17_asym,exp_pred_28_eol_cons,exp_nn_median,exp_nn_p25,exp_nn_p40,hybrid_best_method,hybrid_pred_s,hybrid_score_expected
Test1,0.46304706,"[0.30, 0.60)",205,44400.0,34200.0,54000.0,32034.900390625,44999.864365299945,10067.286140652544,46200.0,36450.0,45360.0,0.6252805992159318,0.5937945617736082,0.35976131416773877,0.5826837489236432,0.6344590941812698,0.5905358085114518,nn_p25,36450.0,0.6344590941812698
Test2,0.5003288,"[0.30, 0.60)",205,44400.0,34200.0,54000.0,33556.13671875,46199.869626436,11312.5154480736,45900.0,15900.0,37560.0,0.6316740024766008,0.5826849373186189,0.37689583931099807,0.5855058767702094,0.44836233254504376,0.6328661748239613,nn_p40,37560.0,0.6328661748239613
Test3,0.16482818,"[0.00, 0.30)",71,67200.0,60300.0,73800.0,6449.32666015625,45600.01777685408,10077.64387969487,48900.0,43950.0,45960.0,0.28747357900852194,0.6674478054365327,0.31106084204197454,0.704921127874161,0.6499870878396673,0.6714481023841491,nn_median,48900.0,0.704921127874161
Test4,0.448163,"[0.30, 0.60)",205,44400.0,34200.0,54000.0,14112.5263671875,43800.0122407897,9048.599680566058,44100.0,18750.0,39840.000000000015,0.4190268225550213,0.6030170253760924,0.34641623027662827,0.6006835505413222,0.4890197799461008,0.6257684658021258,nn_p40,39840.000000000015,0.6257684658021258
Test5,0.9438727,"[0.85, 1.00)",65,5400.0,3000.0,9000.0,644.3411865234375,5400.061243692737,3340.5472071908516,16800.0,6750.0,11880.000000000002,0.3281049869845238,0.43676285078364474,0.44990212568881344,0.07293794976532615,0.38763841935204224,0.18188467064070973,pred_28_eol_cons,3340.5472071908516,0.44990212568881344
Test6,0.410086,"[0.30, 0.60)",205,44400.0,34200.0,54000.0,11641.369140625,28200.00119359445,10295.945201175602,36900.0,26850.0,34560.0,0.3815785723471421,0.595018895021843,0.3628385065065799,0.633950330712932,0.580847360037078,0.6337989972029086,nn_median,36900.0,0.633950330712932
