Bearing,RUL_pred_seconds,RUL_pred_hours
Test1,35520.52819132805,9.866813386480013
Test2,44688.987958431244,12.413607766230902
Test3,59493.616569042206,16.526004602511723
Test4,37061.62973642349,10.294897149006525
Test5,2728.6832123994827,0.7579675589998564
Test6,55188.79669904709,15.330221305290857
