Bearing,RUL_pred_seconds,RUL_pred_hours
Test1,33968.20288395874,9.43561191221076
Test2,34572.66253593185,9.603517371092181
Test3,54635.98838877096,15.176663441325266
Test4,36733.799356854426,10.203833154681785
Test5,10394.782624450043,2.88743961790279
Test6,34906.59433178009,9.696276203272248
